{
  "results": [
    {
      "command": "avx2",
      "mean": 43.69329116786001,
      "stddev": 11.560025288012461,
      "median": 43.68795034636,
      "user": 16.0207168,
      "system": 12.43473872,
      "min": 21.138942658860003,
      "max": 63.367559087859995,
      "times": [
        30.36776821786,
        43.097772148859995,
        61.11731016886,
        53.91292410886,
        48.90756804986,
        63.367559087859995,
        44.27812854386,
        55.01162645286,
        34.607267951859995,
        60.09262213486,
        33.45907758386,
        46.109751268859995,
        34.46502069686,
        51.81654999886,
        29.34133563086,
        35.51641365986,
        44.63344505986,
        42.615265980859995,
        40.00947395286,
        21.138942658860003
      ],
      "exit_codes": [
        0,
        0,
        0,
        0,
        0,
        0,
        0,
        0,
        0,
        0,
        0,
        0,
        0,
        0,
        0,
        0,
        0,
        0,
        0,
        0
      ],
      "parameters": {
        "variant": "avx2"
      }
    },
    {
      "command": "no_avx2",
      "mean": 32.24274111746,
      "stddev": 5.392780605912161,
      "median": 32.949116630359995,
      "user": 16.211248750000003,
      "system": 12.40750522,
      "min": 21.38239020186,
      "max": 45.77371029386,
      "times": [
        45.77371029386,
        35.95574314286,
        21.38239020186,
        30.25347094186,
        32.792905213859996,
        33.105328046859995,
        33.94607038386,
        29.81123068786,
        24.119898709860003,
        36.01496227286,
        36.49957424786,
        21.74174110486,
        33.99790266686,
        31.799231794860003,
        34.241920044859995,
        32.64577717886,
        31.52930696286,
        34.45827876186,
        31.292583223860003,
        33.49279646686
      ],
      "exit_codes": [
        0,
        0,
        0,
        0,
        0,
        0,
        0,
        0,
        0,
        0,
        0,
        0,
        0,
        0,
        0,
        0,
        0,
        0,
        0,
        0
      ],
      "parameters": {
        "variant": "no_avx2"
      }
    }
  ]
}
