{
  "results": [
    {
      "command": "avx2",
      "mean": 36.50836226461,
      "stddev": 10.010546475247542,
      "median": 33.89515774926,
      "user": 16.23511657,
      "system": 12.39195191,
      "min": 21.245491393760002,
      "max": 66.27272600676,
      "times": [
        33.490126177760004,
        31.187567480760002,
        33.07125534876,
        44.65686374776,
        34.37325931676,
        33.16965460076,
        43.016752859760004,
        22.23654584176,
        66.27272600676,
        46.99177068076,
        28.874626289760002,
        35.30841914076,
        34.93860784676,
        21.245491393760002,
        31.32220191276,
        43.16342669376,
        34.30018932076,
        32.35317729376,
        32.46227510176,
        47.73230823676
      ],
      "exit_codes": [
        0,
        0,
        0,
        0,
        0,
        0,
        0,
        0,
        0,
        0,
        0,
        0,
        0,
        0,
        0,
        0,
        0,
        0,
        0,
        0
      ],
      "parameters": {
        "variant": "avx2"
      }
    },
    {
      "command": "no_avx2",
      "mean": 32.76172431151,
      "stddev": 5.67555098728939,
      "median": 32.84738591176,
      "user": 16.19347127,
      "system": 12.21040051,
      "min": 22.02525080776,
      "max": 45.22092729176,
      "times": [
        42.58244982576,
        33.95591319276,
        45.22092729176,
        40.90646312176,
        31.54661169576,
        33.15907411876,
        23.10638608876,
        24.773214630760002,
        31.78764749376,
        30.425409815760002,
        33.20193727476,
        33.66629841876,
        33.82383096776,
        22.02525080776,
        30.62077029676,
        32.48794987476,
        34.70190397476,
        33.145325485760004,
        31.54767551576,
        32.54944633776
      ],
      "exit_codes": [
        0,
        0,
        0,
        0,
        0,
        0,
        0,
        0,
        0,
        0,
        0,
        0,
        0,
        0,
        0,
        0,
        0,
        0,
        0,
        0
      ],
      "parameters": {
        "variant": "no_avx2"
      }
    }
  ]
}
